project,year_month,prs_merged,cycle_median_days,cycle_p90_days,unique_contributors,comment_mean,comment_median,additions_median,deletions_median,files_median,additions_mean,deletions_mean,files_mean,era,date,month_num,new_authors,returning_authors,new_ratio,prs_opened,merge_rate
SGLang,2024-01,63,0.0049768518518518,1.090011574074076,15,0.2857142857142857,0.0,26.0,4.0,3.0,100.65079365079364,31.444444444444443,5.396825396825397,1,2024-01-01,10.972404730617608,15.0,0.0,1.0,66,0.9545454545454546
SGLang,2024-02,39,0.0358564814814814,4.603972222222223,13,0.7692307692307693,0.0,16.0,3.0,2.0,44.76923076923077,50.41025641025641,3.7948717948717947,1,2024-02-01,11.990801576872535,6.0,7.0,0.46153846153846156,50,0.78
SGLang,2024-03,36,1.1475925925925927,12.015555555555554,16,1.0277777777777777,0.0,15.0,5.0,2.0,74.2,17.485714285714284,3.4571428571428573,1,2024-03-01,12.943495400788436,12.0,4.0,0.75,38,0.9473684210526315
SGLang,2024-04,22,0.09681134259259254,5.486672453703709,12,0.5909090909090909,0.0,27.5,4.5,1.0,119.18181818181819,43.77272727272727,8.5,1,2024-04-01,13.961892247043364,6.0,6.0,0.5,27,0.8148148148148148
SGLang,2024-05,48,0.008651620370370351,5.488013888888923,13,1.0208333333333333,0.0,55.0,11.0,6.0,203.5744680851064,109.08510638297872,7.9361702127659575,1,2024-05-01,14.947437582128778,6.0,7.0,0.46153846153846156,54,0.8888888888888888
SGLang,2024-06,39,0.015787037037037,3.448752314814815,10,0.23076923076923078,0.0,39.0,12.0,3.0,96.8974358974359,68.71794871794872,5.564102564102564,2,2024-06-01,15.965834428383705,4.0,6.0,0.4,45,0.8666666666666667
SGLang,2024-07,210,0.005688657407407351,0.40507986111111105,23,0.2619047619047619,0.0,15.0,4.0,2.0,75.11961722488039,24.48803827751196,3.722488038277512,2,2024-07-01,16.95137976346912,16.0,7.0,0.6956521739130435,228,0.9210526315789473
SGLang,2024-08,242,0.03656828703703695,1.2102534722222233,32,1.1487603305785123,0.0,15.0,6.0,3.0,78.95,45.4625,4.866666666666666,2,2024-08-01,17.969776609724047,21.0,11.0,0.65625,267,0.9063670411985019
SGLang,2024-09,149,0.0341898148148148,1.3084351851851856,34,1.3557046979865772,0.0,20.0,6.0,2.0,108.22448979591837,49.843537414965986,4.727891156462585,2,2024-09-01,18.988173455978973,23.0,11.0,0.6764705882352942,171,0.8713450292397661
SGLang,2024-10,208,0.0375289351851851,1.164561342592593,39,0.75,0.0,19.5,5.5,2.0,92.69607843137256,25.985294117647058,3.784313725490196,2,2024-10-01,19.97371879106439,26.0,13.0,0.6666666666666666,244,0.8524590163934426
SGLang,2024-11,266,0.03237268518518515,1.2197280092592593,48,0.8571428571428571,0.0,23.0,6.0,3.0,148.5547169811321,56.77735849056604,5.626415094339623,2,2024-11-01,20.992115637319316,30.0,18.0,0.625,311,0.8553054662379421
SGLang,2024-12,241,0.0238541666666666,2.536539351851852,38,1.012448132780083,0.0,16.0,3.0,2.0,155.5397489539749,32.41422594142259,4.372384937238493,2,2024-12-01,21.97766097240473,19.0,19.0,0.5,272,0.8860294117647058
SGLang,2025-01,312,0.0290335648148148,1.933819444444453,65,1.2467948717948718,0.0,14.0,4.0,2.0,186.14147909967846,113.70096463022509,4.408360128617363,3,2025-01-01,22.996057818659658,38.0,27.0,0.5846153846153846,383,0.814621409921671
SGLang,2025-02,242,0.0754918981481481,5.781915509259259,66,2.2231404958677685,0.0,12.0,3.0,2.0,167.0206611570248,32.735537190082646,3.4958677685950414,3,2025-02-01,24.014454664914584,33.0,33.0,0.5,381,0.6351706036745407
SGLang,2025-03,485,0.2324421296296296,9.817923611111114,129,2.2618556701030927,0.0,13.0,4.0,2.0,155.04872881355934,59.19915254237288,4.616525423728813,3,2025-03-01,24.93429697766097,75.0,54.0,0.5813953488372093,631,0.768621236133122
SGLang,2025-04,455,0.4298726851851852,11.683738425925926,110,2.024175824175824,0.0,15.0,4.0,2.0,109.71555555555555,28.975555555555555,3.2311111111111113,3,2025-04-01,25.952693823915897,52.0,58.0,0.4727272727272727,659,0.6904400606980273
SGLang,2025-05,403,0.7609953703703703,12.521171296296302,96,1.4838709677419355,0.0,21.0,5.0,2.0,123.50753768844221,41.69597989949749,4.175879396984925,3,2025-05-01,26.938239159001313,32.0,64.0,0.3333333333333333,595,0.6773109243697479
SGLang,2025-06,384,0.49487847222222214,11.91649884259259,102,1.75,0.0,19.5,5.0,2.0,169.5026178010471,53.07068062827225,4.481675392670157,3,2025-06-01,27.95663600525624,31.0,71.0,0.30392156862745096,588,0.6530612244897959
SGLang,2025-07,436,0.6517881944444445,18.458645833333335,127,1.7087155963302751,0.0,18.0,4.0,2.0,192.95591647331787,52.48259860788863,3.9071925754060324,3,2025-07-01,28.942181340341655,61.0,66.0,0.48031496062992124,668,0.6526946107784432
SGLang,2025-08,681,0.3677430555555555,14.475729166666667,182,1.854625550660793,1.0,22.0,5.0,2.0,166.66218236173393,47.940209267563525,3.9970104633781762,3,2025-08-01,29.96057818659658,75.0,107.0,0.41208791208791207,898,0.7583518930957683
SGLang,2025-09,640,0.36947337962962956,13.612260416666674,178,1.975,1.0,22.0,5.0,2.0,175.9501607717042,62.40192926045016,3.990353697749196,3,2025-09-01,30.97897503285151,74.0,104.0,0.4157303370786517,950,0.6736842105263158
SGLang,2025-10,811,0.6578703703703703,15.233252314814814,190,2.4032059186189887,1.0,26.0,5.0,2.0,221.25408805031446,78.17358490566038,5.0352201257861635,3,2025-10-01,31.964520367936924,67.0,123.0,0.3526315789473684,1041,0.7790585975024016
SGLang,2025-11,879,0.5937152777777778,14.177009259259265,231,2.4550625711035265,2.0,17.0,5.0,2.0,192.5270425776755,51.62140391254315,4.216340621403913,3,2025-11-01,32.98291721419185,92.0,139.0,0.39826839826839827,1298,0.6771956856702619
SGLang,2025-12,1113,0.3915625,10.475016203703717,223,3.307277628032345,2.0,31.0,7.0,2.0,168.53203342618386,54.652739090065,4.55338904363974,3,2025-12-01,33.96846254927726,82.0,141.0,0.36771300448430494,1715,0.6489795918367347
SGLang,2026-01,986,0.9275983796296297,15.887731481481481,242,3.8509127789046653,2.0,29.0,6.0,2.0,217.60593220338984,132.26588983050848,4.808262711864407,3,2026-01-01,34.98685939553219,86.0,156.0,0.35537190082644626,1518,0.6495388669301713
SGLang,2026-02,773,1.050613425925926,19.44393055555556,247,4.455368693402328,3.0,28.0,6.0,2.0,190.98293963254594,71.63385826771653,4.170603674540683,3,2026-02-01,36.00525624178712,74.0,173.0,0.29959514170040485,1229,0.628966639544345
SGLang,2026-03,997,1.1208680555555557,23.619071759259253,286,4.869608826479438,3.0,27.0,6.0,2.0,176.02349336057202,76.9009193054137,4.606741573033708,3,2026-03-01,36.925098554533506,99.0,187.0,0.34615384615384615,1783,0.5591699383062254
SGLang,2026-04,1085,1.0162731481481482,18.28167592592593,272,4.4396313364055295,2.0,33.0,7.0,2.0,340.9463414634146,75.09365853658537,5.131707317073171,3,2026-04-01,37.943495400788436,88.0,184.0,0.3235294117647059,2021,0.53686293913904
SGLang,2026-05,1280,0.7624710648148147,14.98573379629631,278,3.64296875,2.0,38.0,7.0,2.0,310.5147182506308,74.26072329688814,5.798990748528175,3,2026-05-01,38.92904073587385,88.0,190.0,0.31654676258992803,2316,0.5526770293609672
SGLang,2026-06,1413,1.0606828703703703,20.23579398148148,321,4.644019815994338,3.0,45.0,7.0,2.0,301.0859375,84.9078125,5.51796875,3,2026-06-01,39.94743758212878,110.0,211.0,0.3426791277258567,2560,0.551953125
vLLM,2023-02,1,0.0016898148148148,0.0016898148148148,1,0.0,0.0,25.0,2.0,2.0,25.0,2.0,2.0,0,2023-02-01,0.0,1.0,0.0,1.0,2,0.5
vLLM,2023-03,17,0.887337962962963,13.933738425925931,2,0.35294117647058826,0.0,243.0,35.0,7.0,528.4117647058823,72.76470588235294,7.9411764705882355,0,2023-03-01,0.9198423127463863,1.0,1.0,0.5,16,1.0625
vLLM,2023-04,16,0.4692361111111111,4.1480092592592595,3,0.625,0.0,129.0,8.0,5.0,238.0,64.5,5.8125,0,2023-04-01,1.938239159001314,1.0,2.0,0.3333333333333333,25,0.64
vLLM,2023-05,43,0.648449074074074,1.9972731481481478,2,0.5348837209302325,0.0,78.0,36.0,5.0,164.97674418604652,157.6046511627907,7.6976744186046515,0,2023-05-01,2.923784494086728,0.0,2.0,0.0,42,1.0238095238095237
vLLM,2023-06,55,0.1220138888888889,2.0163819444444444,12,0.5454545454545454,0.0,8.0,3.0,2.0,54.45454545454545,28.12727272727273,5.454545454545454,0,2023-06-01,3.9421813403416555,10.0,2.0,0.8333333333333334,69,0.7971014492753623
vLLM,2023-07,49,1.125289351851852,6.407136574074077,27,1.2857142857142858,0.0,9.0,3.0,2.0,90.72340425531915,22.72340425531915,3.74468085106383,0,2023-07-01,4.92772667542707,23.0,4.0,0.8518518518518519,68,0.7205882352941176
vLLM,2023-08,41,1.0055439814814815,19.67505787037037,28,1.6829268292682926,0.0,6.0,3.0,1.0,71.26829268292683,13.658536585365853,2.292682926829268,0,2023-08-01,5.946123521681997,20.0,8.0,0.7142857142857143,71,0.5774647887323944
vLLM,2023-09,82,0.7502662037037037,5.93348263888889,25,1.9024390243902438,0.5,10.0,3.0,2.0,69.76829268292683,24.5,2.9634146341463414,0,2023-09-01,6.964520367936925,16.0,9.0,0.64,115,0.7130434782608696
vLLM,2023-10,53,1.075208333333333,10.301101851851854,28,2.2452830188679247,1.0,4.5,2.0,1.0,60.71153846153846,46.42307692307692,3.5576923076923075,1,2023-10-01,7.9500657030223385,19.0,9.0,0.6785714285714286,94,0.5638297872340425
vLLM,2023-11,77,0.6876273148148148,14.047331018518534,35,2.1948051948051948,0.0,14.0,3.0,1.5,87.96052631578948,65.01315789473684,4.171052631578948,1,2023-11-01,8.968462549277266,25.0,10.0,0.7142857142857143,108,0.7129629629629629
vLLM,2023-12,100,0.15010995370370364,5.445628472222234,38,2.37,0.0,5.0,2.0,1.0,63.484848484848484,21.848484848484848,2.919191919191919,1,2023-12-01,9.95400788436268,27.0,11.0,0.7105263157894737,153,0.6535947712418301
vLLM,2024-01,91,0.8451736111111111,31.03950231481481,50,4.417582417582418,1.0,11.0,3.0,1.0,225.67032967032966,29.615384615384617,4.3076923076923075,1,2024-01-01,10.972404730617608,32.0,18.0,0.64,143,0.6363636363636364
vLLM,2024-02,99,1.1716898148148147,18.258615740740744,49,3.212121212121212,2.0,14.0,3.5,2.0,126.75510204081633,70.08163265306122,3.7857142857142856,1,2024-02-01,11.990801576872535,26.0,23.0,0.5306122448979592,182,0.5439560439560439
vLLM,2024-03,202,0.5945196759259259,14.427918981481483,79,3.757425742574257,1.0,13.5,3.0,2.0,161.525,40.955,5.175,1,2024-03-01,12.943495400788436,49.0,30.0,0.620253164556962,293,0.689419795221843
vLLM,2024-04,218,0.7919097222222222,11.030581018518522,79,3.096330275229358,1.0,16.0,5.5,2.0,152.75462962962962,39.666666666666664,5.166666666666667,1,2024-04-01,13.961892247043364,44.0,35.0,0.5569620253164557,335,0.6507462686567164
vLLM,2024-05,243,0.927835648148148,13.145560185185186,86,3.246913580246914,1.0,18.0,6.0,2.0,205.74380165289256,82.35537190082644,4.56198347107438,1,2024-05-01,14.947437582128778,43.0,43.0,0.5,337,0.7210682492581603
vLLM,2024-06,363,0.8527893518518519,15.361435185185185,93,3.2148760330578514,1.0,17.0,6.0,2.0,115.4376731301939,34.72853185595568,4.127423822714682,2,2024-06-01,15.965834428383705,44.0,49.0,0.4731182795698925,440,0.825
vLLM,2024-07,372,0.44103587962962965,11.381810185185186,107,4.497311827956989,2.0,18.5,5.0,2.0,130.9005376344086,41.766129032258064,4.591397849462366,2,2024-07-01,16.95137976346912,47.0,60.0,0.4392523364485981,504,0.7380952380952381
vLLM,2024-08,380,0.7623900462962963,11.208875,113,4.726315789473684,2.0,26.0,8.0,2.0,175.52380952380952,57.767195767195766,5.087301587301587,2,2024-08-01,17.969776609724047,52.0,61.0,0.46017699115044247,517,0.7350096711798839
vLLM,2024-09,323,0.9399537037037036,15.372284722222224,116,5.752321981424148,2.0,24.0,6.0,2.0,143.57632398753893,57.27725856697819,4.73208722741433,2,2024-09-01,18.988173455978973,46.0,70.0,0.39655172413793105,426,0.7582159624413145
vLLM,2024-10,354,0.8228819444444444,14.994329861111105,131,4.011299435028248,2.0,21.0,7.0,2.0,129.06798866855524,62.05665722379604,4.889518413597734,2,2024-10-01,19.97371879106439,56.0,75.0,0.42748091603053434,454,0.7797356828193832
vLLM,2024-11,425,0.4854398148148148,14.756370370370377,131,3.976470588235294,2.0,21.0,7.0,2.0,124.63182897862232,48.19002375296912,5.589073634204276,2,2024-11-01,20.992115637319316,56.0,75.0,0.42748091603053434,518,0.8204633204633205
vLLM,2024-12,337,0.4720949074074074,10.248277777777783,100,3.1839762611275964,2.0,23.0,8.0,2.0,145.71216617210683,75.41543026706232,4.884272997032641,2,2024-12-01,21.97766097240473,32.0,68.0,0.32,480,0.7020833333333333
vLLM,2025-01,413,0.4976967592592592,12.046881944444458,136,3.2469733656174333,2.0,18.0,5.0,2.0,141.56900726392251,60.42130750605327,5.627118644067797,3,2025-01-01,22.996057818659658,58.0,78.0,0.4264705882352941,581,0.7108433734939759
vLLM,2025-02,485,0.7713657407407407,12.09980555555556,157,3.9649484536082475,2.0,17.0,6.0,2.0,151.6659619450317,49.678646934460886,6.465116279069767,3,2025-02-01,24.014454664914584,64.0,93.0,0.40764331210191085,733,0.6616643929058663
vLLM,2025-03,669,0.6878356481481481,12.11145138888889,188,3.8609865470852016,2.0,15.0,6.0,2.0,141.49470499243571,48.19667170953101,4.505295007564296,3,2025-03-01,24.93429697766097,91.0,97.0,0.48404255319148937,958,0.6983298538622129
vLLM,2025-04,669,0.6871643518518519,14.095351851851868,221,4.026905829596412,2.0,15.0,5.0,2.0,113.50301204819277,40.47289156626506,3.930722891566265,3,2025-04-01,25.952693823915897,109.0,112.0,0.49321266968325794,924,0.724025974025974
vLLM,2025-05,682,0.6050347222222222,13.118287037037037,210,3.9501466275659824,2.0,15.0,5.0,2.0,122.59763313609467,64.53402366863905,4.769230769230769,3,2025-05-01,26.938239159001313,79.0,131.0,0.3761904761904762,955,0.7141361256544503
vLLM,2025-06,506,1.1524999999999999,13.70670138888889,177,4.407114624505929,2.0,16.0,4.0,2.0,108.88690476190476,34.410714285714285,6.5476190476190474,3,2025-06-01,27.95663600525624,64.0,113.0,0.3615819209039548,781,0.647887323943662
vLLM,2025-07,802,0.8434722222222222,16.351254629629626,256,3.932668329177057,2.0,19.0,7.0,2.0,133.56603773584905,76.37735849056604,4.425157232704403,3,2025-07-01,28.942181340341655,119.0,137.0,0.46484375,1201,0.6677768526228143
vLLM,2025-08,879,0.8717708333333334,13.369199074074078,272,3.514220705346985,2.0,20.0,7.0,2.0,108.15849486887114,53.32953249714937,3.854047890535918,3,2025-08-01,29.96057818659658,114.0,158.0,0.41911764705882354,1333,0.6594148537134283
vLLM,2025-09,972,0.9445486111111112,16.98627546296295,301,3.159465020576132,1.0,18.0,7.0,2.0,122.51962809917356,107.18388429752066,4.6115702479338845,3,2025-09-01,30.97897503285151,123.0,178.0,0.40863787375415284,1406,0.6913229018492176
vLLM,2025-10,871,0.9517129629629628,18.65886574074074,305,3.2629161882893225,1.0,21.0,7.0,2.0,258.49248554913294,170.9514450867052,7.738728323699422,3,2025-10-01,31.964520367936924,108.0,197.0,0.3540983606557377,1326,0.6568627450980392
vLLM,2025-11,907,1.1255902777777778,18.554393518518506,321,3.1742006615214993,1.0,16.0,6.0,2.0,109.17777777777778,45.14555555555555,4.411111111111111,3,2025-11-01,32.98291721419185,128.0,193.0,0.3987538940809969,1263,0.7181314330958036
vLLM,2025-12,798,1.276869212962963,17.942179398148156,318,3.492481203007519,2.0,19.0,5.0,2.0,106.95345911949686,42.764779874213836,4.210062893081761,3,2025-12-01,33.96846254927726,111.0,207.0,0.3490566037735849,1362,0.5859030837004405
vLLM,2026-01,888,1.1963541666666666,21.782231481481528,303,3.425675675675676,1.0,23.0,7.0,2.0,146.3843537414966,72.2936507936508,5.672335600907029,3,2026-01-01,34.98685939553219,118.0,185.0,0.38943894389438943,1418,0.6262341325811002
vLLM,2026-02,865,1.1705671296296296,16.690560185185188,314,3.284393063583815,2.0,19.0,6.0,2.0,196.27558139534884,83.50581395348837,4.219767441860465,3,2026-02-01,36.00525624178712,115.0,199.0,0.3662420382165605,1614,0.5359355638166047
vLLM,2026-03,1078,1.6053877314814815,18.968041666666668,379,3.5166975881261595,1.0,24.0,6.0,2.0,166.71308411214955,93.12056074766355,4.527102803738318,3,2026-03-01,36.925098554533506,155.0,224.0,0.40897097625329815,2339,0.4608807182556648
vLLM,2026-04,812,2.9228935185185185,27.26902546296296,329,4.0492610837438425,2.0,29.0,6.0,2.0,202.17821782178217,53.96534653465346,4.548267326732673,3,2026-04-01,37.943495400788436,126.0,203.0,0.3829787234042553,1963,0.41365257259296995
vLLM,2026-05,897,2.8169675925925928,26.487689814814807,355,3.677814938684504,2.0,37.5,7.0,2.0,298.061797752809,84.80449438202247,4.576404494382023,3,2026-05-01,38.92904073587385,135.0,220.0,0.38028169014084506,2101,0.42693955259400285
vLLM,2026-06,1156,2.5152083333333337,27.73556712962963,396,3.327854671280277,2.0,47.0,7.0,2.0,228.50087108013938,78.57404181184668,4.923344947735192,3,2026-06-01,39.94743758212878,169.0,227.0,0.42676767676767674,2550,0.4533333333333333
