project,year_month,pr_number,author,author_type,bot_method,created_at,closed_at,cycle_days,comments,title
vLLM,2024-10,9196,dependabot[bot],Bot,account_type,2024-10-09T15:17:25Z,2024-10-10T20:30:35Z,1.217476851851852,1,Bump actions/checkout from 3 to 4
vLLM,2024-10,9197,dependabot[bot],Bot,account_type,2024-10-09T15:17:25Z,2024-10-10T20:30:24Z,1.217349537037037,1,Bump actions/github-script from 6 to 7
vLLM,2024-10,9195,dependabot[bot],Bot,account_type,2024-10-09T15:17:18Z,2024-10-10T20:30:46Z,1.217685185185185,1,Bump actions/setup-python from 3 to 5
vLLM,2024-11,10210,dependabot[bot],Bot,account_type,2024-11-11T05:12:00Z,2024-11-11T07:22:41Z,0.09075231481481481,1,Bump the patch-update group with 5 updates
vLLM,2024-11,10209,dependabot[bot],Bot,account_type,2024-11-11T04:47:08Z,2024-11-11T17:24:11Z,0.5257291666666667,1,Bump actions/setup-python from 5.2.0 to 5.3.0
vLLM,2024-11,9897,dependabot[bot],Bot,account_type,2024-10-31T23:35:42Z,2024-11-01T23:04:42Z,0.9784722222222222,2,Bump the patch-update group with 10 updates
vLLM,2024-11,9746,dependabot[bot],Bot,account_type,2024-10-28T04:52:28Z,2024-11-07T21:44:58Z,10.703125,3,Bump actions/checkout from 4.2.1 to 4.2.2
vLLM,2024-11,9745,dependabot[bot],Bot,account_type,2024-10-28T04:52:26Z,2024-11-07T18:55:35Z,10.585520833333334,3,Bump actions/setup-python from 5.2.0 to 5.3.0
vLLM,2025-02,13742,dependabot[bot],Bot,account_type,2025-02-24T04:54:52Z,2025-02-27T19:04:10Z,3.5897916666666667,2,Bump azure/setup-helm from 4.2.0 to 4.3.0
vLLM,2025-02,12672,dependabot[bot],Bot,account_type,2025-02-03T04:44:09Z,2025-02-12T08:41:22Z,9.164733796296296,4,Bump actions/setup-python from 5.3.0 to 5.4.0
vLLM,2025-02,12463,dependabot[bot],Bot,account_type,2025-01-27T04:16:36Z,2025-02-12T08:41:07Z,16.18369212962963,4,Bump helm/chart-testing-action from 2.6.1 to 2.7.0
vLLM,2025-02,12462,dependabot[bot],Bot,account_type,2025-01-27T04:16:34Z,2025-02-12T08:40:25Z,16.183229166666667,4,Bump actions/stale from 9.0.0 to 9.1.0
vLLM,2025-02,11612,dependabot[bot],Bot,account_type,2024-12-30T04:38:59Z,2025-02-12T08:40:20Z,44.16760416666666,4,Bump helm/kind-action from 1.10.0 to 1.12.0
vLLM,2025-08,23385,Copilot,Bot,account_type,2025-08-21T22:22:23Z,2025-08-26T02:34:16Z,4.174918981481482,0,Remove graph_pool as member of VllmBackend and argument to CUDAGraphWrapper
vLLM,2025-09,24414,dependabot[bot],Bot,account_type,2025-09-08T04:59:22Z,2025-09-09T02:54:59Z,0.9136226851851852,0,Bump actions/setup-python from 5.4.0 to 6.0.0
vLLM,2025-09,24413,dependabot[bot],Bot,account_type,2025-09-08T04:59:07Z,2025-09-09T03:12:44Z,0.9261226851851851,0,Bump actions/github-script from 7.0.1 to 8.0.0
vLLM,2025-09,24412,dependabot[bot],Bot,account_type,2025-09-08T04:59:02Z,2025-09-09T03:11:20Z,0.9252083333333333,0,Bump actions/stale from 9.1.0 to 10.0.0
vLLM,2025-10,26272,dependabot[bot],Bot,account_type,2025-10-06T04:14:49Z,2025-10-06T07:01:22Z,0.11565972222222222,0,Bump actions/stale from 10.0.0 to 10.1.0
vLLM,2025-11,29293,dependabot[bot],Bot,account_type,2025-11-24T04:15:15Z,2025-11-26T01:57:08Z,1.904085648148148,1,Bump actions/checkout from 4 to 6
vLLM,2025-11,28966,Copilot,Bot,account_type,2025-11-18T22:45:08Z,2025-11-19T18:32:19Z,0.8244328703703704,9,Re-enable FlashInfer for Llama4 on Blackwell in e2e fusion tests
vLLM,2025-11,28074,Copilot,Bot,account_type,2025-11-04T22:40:36Z,2025-11-07T07:58:17Z,2.3872800925925928,5,[CI] Reduce Blackwell Fusion test runtime by filtering tests and only run all tests in nightly
vLLM,2025-12,30234,dependabot[bot],Bot,account_type,2025-12-08T04:39:10Z,2025-12-09T20:12:14Z,1.647962962962963,0,Bump actions/stale from 10.1.0 to 10.1.1
vLLM,2025-12,30233,dependabot[bot],Bot,account_type,2025-12-08T04:39:06Z,2025-12-09T20:03:16Z,1.6417824074074074,0,Bump actions/checkout from 6.0.0 to 6.0.1
vLLM,2025-12,29768,dependabot[bot],Bot,account_type,2025-12-01T04:28:54Z,2025-12-02T21:29:33Z,1.7087847222222223,1,Bump actions/setup-python from 6.0.0 to 6.1.0
vLLM,2025-12,29025,Copilot,Bot,account_type,2025-11-19T18:38:52Z,2025-12-02T20:40:56Z,13.08476851851852,16,"Fix boolean nested params, add dict format support, and enhance plotting for vllm bench sweep"
vLLM,2026-03,36552,Copilot,Bot,account_type,2026-03-09T22:08:31Z,2026-03-09T22:51:03Z,0.02953703703703704,0,Add non-contiguous input tests for rms_norm_per_block_quant and dynamic per-token quant kernels
vLLM,2026-03,36027,Copilot,Bot,account_type,2026-03-04T17:45:01Z,2026-03-09T18:04:41Z,5.013657407407408,6,[torch.compile] Rename `compile_ranges_split_points` to `compile_ranges_endpoints`
vLLM,2026-03,35538,Copilot,Bot,account_type,2026-02-27T19:04:35Z,2026-03-06T23:55:07Z,7.201759259259259,9,[docs][torch.compile] Add fusions.md — kernel/operator fusion reference page
vLLM,2026-06,39667,dependabot[bot],Bot,account_type,2026-04-13T04:40:11Z,2026-06-02T18:26:57Z,50.57414351851852,0,Bump actions/github-script from 8.0.0 to 9.0.0
vLLM,2026-06,35078,dependabot[bot],Bot,account_type,2026-02-23T04:28:15Z,2026-06-03T21:14:41Z,100.69891203703703,2,Bump actions/stale from 10.1.1 to 10.3.0
vLLM,2026-06,33057,dependabot[bot],Bot,account_type,2026-01-26T04:27:13Z,2026-06-30T12:16:21Z,155.32578703703703,4,Bump actions/checkout from 6.0.1 to 7.0.0
SGLang,2024-11,2182,dependabot[bot],Bot,account_type,2024-11-25T19:19:31Z,2024-11-25T19:22:34Z,0.0021180555555555558,0,Bump rustls from 0.23.16 to 0.23.18 in /rust
