project,year_month,date,era,prs_opened,prs_merged,merge_ratio,cycle_median_days,cycle_p90_days,n_sampled,unique_contributors,era_label,comment_mean,comment_median,new_authors,returning_authors,new_ratio,month_num
vLLM,2023-02,2023-02-01,0,2,1,0.5,0.0016898148148148,0.0016898148148148,1,1,Era0_Pre-Agentic,0.0,0.0,1,0,1.0,2
vLLM,2023-03,2023-03-01,0,16,16,1.0,0.7654398148148148,6.416776620370371,16,2,Era0_Pre-Agentic,0.3125,0.0,1,1,0.5,3
vLLM,2023-04,2023-04-01,0,25,16,0.64,0.4692361111111111,4.14800925925926,16,3,Era0_Pre-Agentic,0.625,0.0,1,2,0.3333333333333333,4
vLLM,2023-05,2023-05-01,0,42,43,1.0,0.6539525462962963,1.4608275462962972,20,2,Era0_Pre-Agentic,0.5348837209302325,0.0,0,2,0.0,5
vLLM,2023-06,2023-06-01,0,69,55,0.7971014492753623,0.1125752314814814,0.5486493055555556,20,10,Era0_Pre-Agentic,0.58,0.0,8,2,0.8,6
vLLM,2023-07,2023-07-01,0,68,49,0.7205882352941176,0.7229456018518519,6.265023148148149,20,27,Era0_Pre-Agentic,1.2857142857142858,0.0,24,3,0.8888888888888888,7
vLLM,2023-08,2023-08-01,0,71,41,0.5774647887323944,0.4469039351851852,4.458420138888889,20,28,Era0_Pre-Agentic,1.6829268292682926,0.0,20,8,0.7142857142857143,8
vLLM,2023-09,2023-09-01,0,115,82,0.7130434782608696,0.3213657407407407,2.6497719907407418,20,15,Era0_Pre-Agentic,2.36,1.0,9,6,0.6,9
vLLM,2023-10,2023-10-01,1,94,53,0.5638297872340425,0.1338831018518518,5.602974537037043,20,26,Era1_Early-AI-Tools,2.36,1.0,19,7,0.7307692307692307,10
vLLM,2023-11,2023-11-01,1,108,77,0.7129629629629629,0.2880150462962963,1.156475694444446,20,29,Era1_Early-AI-Tools,2.78,1.0,19,10,0.6551724137931034,11
vLLM,2023-12,2023-12-01,1,153,100,0.6535947712418301,0.1614409722222222,1.1311481481481485,20,26,Era1_Early-AI-Tools,3.92,1.0,16,10,0.6153846153846154,12
vLLM,2024-01,2024-01-01,1,143,92,0.6433566433566433,0.2630902777777777,1.2877407407407409,20,34,Era1_Early-AI-Tools,6.58,1.0,24,10,0.7058823529411765,13
vLLM,2024-02,2024-02-01,1,182,98,0.5384615384615384,0.4587152777777777,4.043416666666667,20,34,Era1_Early-AI-Tools,3.94,2.0,18,16,0.5294117647058824,14
vLLM,2024-03,2024-03-01,1,293,200,0.6825938566552902,0.0767650462962963,0.7215046296296301,20,38,Era1_Early-AI-Tools,6.02,3.0,22,16,0.5789473684210527,15
vLLM,2024-04,2024-04-01,1,335,218,0.6507462686567164,0.5251388888888888,1.0574907407407412,20,35,Era1_Early-AI-Tools,5.56,2.0,20,15,0.5714285714285714,16
vLLM,2024-05,2024-05-01,1,337,219,0.6498516320474778,0.3941724537037037,0.9215335648148149,20,40,Era1_Early-AI-Tools,5.44,3.0,21,19,0.525,17
vLLM,2024-06,2024-06-01,2,440,329,0.7477272727272727,0.4088252314814815,2.0781631944444454,20,37,Era2_Vibe-Coding,9.92,5.5,17,20,0.4594594594594595,18
vLLM,2024-07,2024-07-01,2,504,372,0.7380952380952381,0.0878877314814814,1.3201701388888891,20,39,Era2_Vibe-Coding,11.64,6.0,19,20,0.4871794871794871,19
vLLM,2024-08,2024-08-01,2,517,378,0.7311411992263056,0.2043055555555555,0.9298148148148148,20,41,Era2_Vibe-Coding,10.8,8.0,18,23,0.4390243902439024,20
vLLM,2024-09,2024-09-01,2,426,322,0.755868544600939,0.2003240740740741,1.4283298611111113,20,36,Era2_Vibe-Coding,15.64,5.0,16,20,0.4444444444444444,21
vLLM,2024-10,2024-10-01,2,454,356,0.7841409691629956,0.2489004629629629,1.2721180555555556,20,43,Era2_Vibe-Coding,7.52,5.0,17,26,0.3953488372093023,22
vLLM,2024-11,2024-11-01,2,518,430,0.8301158301158301,0.320474537037037,0.7742372685185186,20,43,Era2_Vibe-Coding,8.875,6.5,21,22,0.4883720930232558,23
vLLM,2024-12,2024-12-01,2,480,337,0.7020833333333333,0.2712384259259259,1.3593391203703715,20,32,Era2_Vibe-Coding,6.72,4.0,11,21,0.34375,24
vLLM,2025-01,2025-01-01,3,581,413,0.7108433734939759,0.7565393518518518,1.252748842592593,20,38,Era3_Agentic-Coding,7.36,5.0,18,20,0.4736842105263157,25
vLLM,2025-02,2025-02-01,3,733,490,0.6684856753069577,0.1934317129629629,1.0249074074074076,20,40,Era3_Agentic-Coding,9.361702127659576,7.0,18,22,0.45,26
vLLM,2025-03,2025-03-01,3,958,663,0.6920668058455115,0.2252604166666666,0.5765000000000013,20,41,Era3_Agentic-Coding,9.54,7.0,19,22,0.4634146341463415,27
vLLM,2025-04,2025-04-01,3,924,667,0.7218614718614719,0.1130439814814814,0.6348634259259259,20,46,Era3_Agentic-Coding,12.28,10.5,26,20,0.5652173913043478,28
vLLM,2025-05,2025-05-01,3,955,678,0.7099476439790576,0.29171875,0.9025775462962964,20,44,Era3_Agentic-Coding,12.36,9.5,20,24,0.4545454545454545,29
vLLM,2025-06,2025-06-01,3,781,504,0.645326504481434,0.4017939814814815,1.633555555555556,20,45,Era3_Agentic-Coding,11.6,8.5,21,24,0.4666666666666667,30
vLLM,2025-07,2025-07-01,3,1201,800,0.6661115736885929,0.1013194444444444,0.4249062500000009,20,47,Era3_Agentic-Coding,11.56,9.0,31,16,0.6595744680851063,31
vLLM,2025-08,2025-08-01,3,1333,878,0.6586646661665416,0.1673900462962963,0.6594699074074079,20,47,Era3_Agentic-Coding,13.46,9.0,26,21,0.5531914893617021,32
vLLM,2025-09,2025-09-01,3,1406,975,0.6934566145092461,0.1468229166666666,0.6665810185185186,20,39,Era3_Agentic-Coding,13.72,9.5,16,23,0.4102564102564102,33
vLLM,2025-10,2025-10-01,3,1326,872,0.6576168929110106,0.269994212962963,0.9490717592592592,20,48,Era3_Agentic-Coding,12.1,9.0,31,17,0.6458333333333334,34
vLLM,2025-11,2025-11-01,3,1263,902,0.714172604908947,0.0949652777777777,0.6077291666666668,20,43,Era3_Agentic-Coding,15.0,11.5,22,21,0.5116279069767442,35
vLLM,2025-12,2025-12-01,3,1362,799,0.5866372980910426,0.3656076388888889,1.023275462962963,20,43,Era3_Agentic-Coding,12.0,8.5,19,24,0.4418604651162791,36
vLLM,2026-01,2026-01-01,3,1418,887,0.6255289139633287,0.3903240740740741,0.8874560185185192,20,46,Era3_Agentic-Coding,14.76,10.0,26,20,0.5652173913043478,37
vLLM,2026-02,2026-02-01,3,1614,864,0.5353159851301115,0.1458449074074074,0.4546597222222223,20,46,Era3_Agentic-Coding,10.92,9.0,28,18,0.6086956521739131,38
vLLM,2026-03,2026-03-01,3,2339,1075,0.4595981188542112,0.2926909722222222,0.8760798611111111,20,44,Era3_Agentic-Coding,12.8,9.0,24,20,0.5454545454545454,39
vLLM,2026-04,2026-04-01,3,1963,809,0.4121242995415181,0.1681597222222222,0.9721527777777778,20,41,Era3_Agentic-Coding,13.5,10.0,24,17,0.5853658536585366,40
vLLM,2026-05,2026-05-01,3,2101,895,0.4259876249405045,0.1319039351851851,0.5128113425925925,20,46,Era3_Agentic-Coding,8.7,7.0,25,21,0.5434782608695652,41
vLLM,2026-06,2026-06-01,3,2550,1159,0.4545098039215686,0.2026736111111111,0.4615543981481483,20,40,Era3_Agentic-Coding,9.04255319148936,7.0,18,22,0.45,42
SGLang,2024-01,2024-01-01,1,66,63,0.9545454545454546,0.0827951388888888,0.7979166666666673,20,12,Era1_Early-AI-Tools,0.26,0.0,12,0,1.0,13
SGLang,2024-02,2024-02-01,1,50,39,0.78,0.0373148148148148,6.847218750000001,20,13,Era1_Early-AI-Tools,0.7692307692307693,0.0,6,7,0.4615384615384615,14
SGLang,2024-03,2024-03-01,1,38,36,0.9473684210526316,1.1475925925925927,9.386449074074074,20,16,Era1_Early-AI-Tools,1.0277777777777777,0.0,12,4,0.75,15
SGLang,2024-04,2024-04-01,1,27,22,0.8148148148148148,0.0968113425925925,3.71227430555556,20,12,Era1_Early-AI-Tools,0.5909090909090909,0.0,6,6,0.5,16
SGLang,2024-05,2024-05-01,1,54,48,0.8888888888888888,0.0086516203703703,0.6073611111111119,20,13,Era1_Early-AI-Tools,1.0208333333333333,0.0,6,7,0.4615384615384615,17
SGLang,2024-06,2024-06-01,2,45,39,0.8666666666666667,0.005324074074074,2.141569444444446,20,10,Era2_Vibe-Coding,0.2307692307692307,0.0,4,6,0.4,18
SGLang,2024-07,2024-07-01,2,228,210,0.9210526315789472,0.0021006944444444,0.0580208333333333,20,14,Era2_Vibe-Coding,0.3,0.0,10,4,0.7142857142857143,19
SGLang,2024-08,2024-08-01,2,267,242,0.906367041198502,0.0214467592592592,0.3084861111111113,20,9,Era2_Vibe-Coding,0.98,0.0,4,5,0.4444444444444444,20
SGLang,2024-09,2024-09-01,2,171,148,0.8654970760233918,0.1867766203703703,1.106497685185187,20,19,Era2_Vibe-Coding,2.96,0.5,11,8,0.5789473684210527,21
SGLang,2024-10,2024-10-01,2,244,208,0.8524590163934426,0.0679571759259259,0.702240740740741,20,18,Era2_Vibe-Coding,1.66,0.0,10,8,0.5555555555555556,22
SGLang,2024-11,2024-11-01,2,311,267,0.8585209003215434,0.0142476851851851,0.3456921296296297,20,17,Era2_Vibe-Coding,1.22,0.0,9,8,0.5294117647058824,23
SGLang,2024-12,2024-12-01,2,272,241,0.8860294117647058,0.0202372685185185,0.1106898148148148,20,18,Era2_Vibe-Coding,1.62,0.0,6,12,0.3333333333333333,24
SGLang,2025-01,2025-01-01,3,383,311,0.8120104438642297,0.0113425925925925,0.4204108796296297,20,27,Era3_Agentic-Coding,2.82,0.0,21,6,0.7777777777777778,25
SGLang,2025-02,2025-02-01,3,381,241,0.6325459317585301,0.0540104166666666,1.8892384259259265,20,22,Era3_Agentic-Coding,2.72,0.5,8,14,0.3636363636363636,26
SGLang,2025-03,2025-03-01,3,631,480,0.7606973058637084,0.0376273148148148,0.5389803240740746,20,41,Era3_Agentic-Coding,7.84,3.0,31,10,0.7560975609756098,27
SGLang,2025-04,2025-04-01,3,659,454,0.6889226100151745,0.0508564814814814,0.5015787037037037,20,40,Era3_Agentic-Coding,6.92,3.0,24,16,0.6,28
SGLang,2025-05,2025-05-01,3,595,400,0.6722689075630253,0.1044965277777777,0.9062164351851852,20,35,Era3_Agentic-Coding,4.26530612244898,2.0,20,15,0.5714285714285714,29
SGLang,2025-06,2025-06-01,3,588,381,0.6479591836734694,0.2614756944444444,1.0875219907407416,20,41,Era3_Agentic-Coding,6.44,2.5,21,20,0.5121951219512195,30
SGLang,2025-07,2025-07-01,3,668,433,0.6482035928143712,0.0666030092592592,0.7069976851851852,20,35,Era3_Agentic-Coding,5.52,3.5,21,14,0.6,31
SGLang,2025-08,2025-08-01,3,898,673,0.7494432071269488,0.0350289351851851,0.4386064814814818,20,40,Era3_Agentic-Coding,5.08,2.0,18,22,0.45,32
SGLang,2025-09,2025-09-01,3,950,634,0.6673684210526316,0.1031192129629629,0.8597152777777782,20,39,Era3_Agentic-Coding,5.2,3.0,24,15,0.6153846153846154,33
SGLang,2025-10,2025-10-01,3,1041,823,0.7905859750240154,0.037193287037037,0.5837210648148149,20,41,Era3_Agentic-Coding,5.18,4.0,17,24,0.4146341463414634,34
SGLang,2025-11,2025-11-01,3,1298,896,0.6902927580893683,0.1843055555555555,0.5095150462962965,20,46,Era3_Agentic-Coding,5.44,3.0,24,22,0.5217391304347826,35
SGLang,2025-12,2025-12-01,3,1715,1125,0.6559766763848397,0.0192013888888888,0.1984236111111112,20,42,Era3_Agentic-Coding,9.9,7.5,29,13,0.6904761904761905,36
SGLang,2026-01,2026-01-01,3,1518,987,0.650197628458498,0.0170081018518518,1.2523541666666669,20,40,Era3_Agentic-Coding,7.8,5.0,23,17,0.575,37
SGLang,2026-02,2026-02-01,3,1229,776,0.6314076484947111,0.0428703703703703,0.3592800925925926,20,48,Era3_Agentic-Coding,9.36,7.0,28,20,0.5833333333333334,38
SGLang,2026-03,2026-03-01,3,1783,1001,0.5614133482893999,0.0447337962962963,0.1934814814814814,20,41,Era3_Agentic-Coding,8.08,5.0,21,20,0.5121951219512195,39
SGLang,2026-04,2026-04-01,3,2021,1092,0.5403265710044532,0.0155034722222222,0.3351412037037038,20,47,Era3_Agentic-Coding,12.9,10.5,27,20,0.574468085106383,40
SGLang,2026-05,2026-05-01,3,2316,1282,0.5535405872193437,0.0001909722222222,0.0004710648148148,20,39,Era3_Agentic-Coding,11.94,9.0,26,13,0.6666666666666666,41
SGLang,2026-06,2026-06-01,3,2560,1371,0.535546875,0.0711921296296296,0.6887164351851855,20,44,Era3_Agentic-Coding,12.46,8.0,23,21,0.5227272727272727,42
